{"cameraMode":{"drawMode":0,"name":"Shaded","section":"Shading Mode"},"sceneLighting":true,"audioPlay":false,"sceneViewState":{"m_AlwaysRefresh":false,"showFog":true,"showSkybox":true,"showFlares":true,"showImageEffects":true,"showParticleSystems":true,"showVisualEffectGraphs":true,"m_FxEnabled":true},"in2DMode":false,"pivot":{"x":16.342485427856447,"y":1.3022664785385132,"z":2.0858240127563478},"rotation":{"x":0.08003625273704529,"y":-0.7775227427482605,"z":0.10110539942979813,"w":0.6154983043670654},"size":2.7247588634490969,"orthographic":false}